{"start_time": 3387877252.314089, "end_time": 3387877255.131448, "read_duration": 2.5722012970072683, "inference_duration": 0.24510750999615993, "write_duration": 4.418400931172073e-05, "total_duration": 2.817359209060669, "sample_count": 807}